사례,예측한답의확신도,예측한답,정답,자료구분
가상-1,0.6,A,A,계산 연습을 위해 구성한 모의 자료
가상-2,0.6,B,B,계산 연습을 위해 구성한 모의 자료
가상-3,0.6,A,A,계산 연습을 위해 구성한 모의 자료
가상-4,0.6,B,B,계산 연습을 위해 구성한 모의 자료
가상-5,0.6,A,A,계산 연습을 위해 구성한 모의 자료
가상-6,0.6,B,B,계산 연습을 위해 구성한 모의 자료
가상-7,0.6,A,B,계산 연습을 위해 구성한 모의 자료
가상-8,0.6,B,A,계산 연습을 위해 구성한 모의 자료
가상-9,0.6,A,B,계산 연습을 위해 구성한 모의 자료
가상-10,0.6,B,A,계산 연습을 위해 구성한 모의 자료
가상-11,0.8,A,A,계산 연습을 위해 구성한 모의 자료
가상-12,0.8,B,B,계산 연습을 위해 구성한 모의 자료
가상-13,0.8,A,A,계산 연습을 위해 구성한 모의 자료
가상-14,0.8,B,B,계산 연습을 위해 구성한 모의 자료
가상-15,0.8,A,A,계산 연습을 위해 구성한 모의 자료
가상-16,0.8,B,B,계산 연습을 위해 구성한 모의 자료
가상-17,0.8,A,A,계산 연습을 위해 구성한 모의 자료
가상-18,0.8,B,B,계산 연습을 위해 구성한 모의 자료
가상-19,0.8,A,B,계산 연습을 위해 구성한 모의 자료
가상-20,0.8,B,A,계산 연습을 위해 구성한 모의 자료
가상-21,0.9,A,A,계산 연습을 위해 구성한 모의 자료
가상-22,0.9,B,B,계산 연습을 위해 구성한 모의 자료
가상-23,0.9,A,A,계산 연습을 위해 구성한 모의 자료
가상-24,0.9,B,B,계산 연습을 위해 구성한 모의 자료
가상-25,0.9,A,A,계산 연습을 위해 구성한 모의 자료
가상-26,0.9,B,B,계산 연습을 위해 구성한 모의 자료
가상-27,0.9,A,A,계산 연습을 위해 구성한 모의 자료
가상-28,0.9,B,A,계산 연습을 위해 구성한 모의 자료
가상-29,0.9,A,B,계산 연습을 위해 구성한 모의 자료
가상-30,0.9,B,A,계산 연습을 위해 구성한 모의 자료
